FlamingPaw,ea633053f88747c7bbca27e5e430b6c5
Graysonandflip,c87865e3748746719f683c3651243f08
awesomeness470,3b989bd42de742a6a44c2defd0ece2bc
williamkenn1ross,9ce8b9582a4248a79754dcc36b6e5525
Animal_Lover223,21619754580f4950ae92ca9fef5791e6
madi2hip570,24db6d14333c49b7b4e99e72e9a62af5
theblade313,9a141e6fe60344dd83090ab3196a937d
TheLastOriginX,55dcf58a4eee4d37a441e899d4d70f16
MrlittleWuby,0785739e08eb4f8b97986ef52726b03a
turt2live,c465b1543c294dbfa7e3e0869504b8d8
petlen123,ec5d13b9839b49b6bbd2b1fcb9b86515
Awesomerb,46aad36d6beb4252bebade164a5da919
Bunnylord19,d8bb34f6630f4e7a9410ace0cb075b86
Chewy_one,f4e3fa6902664d7db37f7bfeb7090903
camerandom,d07acde57af14df7b5b6cc5fb9007d89
NicholasCourt,99cd4e1ee85d461faec05e267f11dddc
missbeemer,c1dc9715e8a44ec2b266aaed3c7ed284
Braxton456789,993087b80e324110b79f450a9689ccbb
Koda81609,ce894b7dc1e1425993977b934ca3eecd
PureSwagg,c57247dee55d4ded91a6d136157ed0b8
_Nitrogen_,98e1fe096b9d4ef5bb793b6f70bab16a
_JoshuaFrog_,a08991c63715436fb15ca0c284a15932
jsfreeman7,5ab26a4412fa471a898a558876dc8a5d
skeleboy101,780d63def49e4b5da2c2328e94a8688e
hobo336,3eddc400036a42d289cc66f9ee8e186f
FlamingPaw,ea633053f88747c7bbca27e5e430b6c5
Graysonandflip,c87865e3748746719f683c3651243f08
awesomeness470,3b989bd42de742a6a44c2defd0ece2bc
williamkenn1ross,9ce8b9582a4248a79754dcc36b6e5525
Animal_Lover223,21619754580f4950ae92ca9fef5791e6
madi2hip570,24db6d14333c49b7b4e99e72e9a62af5
theblade313,9a141e6fe60344dd83090ab3196a937d
TheLastOriginX,55dcf58a4eee4d37a441e899d4d70f16
MrlittleWuby,0785739e08eb4f8b97986ef52726b03a
turt2live,c465b1543c294dbfa7e3e0869504b8d8
petlen123,ec5d13b9839b49b6bbd2b1fcb9b86515
Awesomerb,46aad36d6beb4252bebade164a5da919
Bunnylord19,d8bb34f6630f4e7a9410ace0cb075b86
Chewy_one,f4e3fa6902664d7db37f7bfeb7090903
camerandom,d07acde57af14df7b5b6cc5fb9007d89
NicholasCourt,99cd4e1ee85d461faec05e267f11dddc
missbeemer,c1dc9715e8a44ec2b266aaed3c7ed284
Braxton456789,993087b80e324110b79f450a9689ccbb
Koda81609,ce894b7dc1e1425993977b934ca3eecd
PureSwagg,c57247dee55d4ded91a6d136157ed0b8
_Nitrogen_,98e1fe096b9d4ef5bb793b6f70bab16a
_JoshuaFrog_,a08991c63715436fb15ca0c284a15932
jsfreeman7,5ab26a4412fa471a898a558876dc8a5d
skeleboy101,780d63def49e4b5da2c2328e94a8688e
hobo336,3eddc400036a42d289cc66f9ee8e186f
